stage,source path,record/line reference,observed clue,inference,next action,result
1_evidence,START_HERE.txt,Line 5,Starting instructions say to check handover notes and find the transfer right before maintenance.,We need to find the maintenance start time and the last successful transfer before it.,Check Logs/inventory.log to see what the archive contains before opening individual records.,Found the starting point
1_evidence,Logs/inventory.log,Lines 1-3,"Inventory lists three copied groups: ordinary documents, message exports, and archive payloads.","The archive is split into Documents, Messages and Archive records, so a lead in one folder can point to a record in another.",Open Documents/meeting_notes.txt to check for procedure notes.,Made an inventory of the supplied record types.
1_evidence,Documents/meeting_notes.txt,Line 1,Meeting notes say to verify backups and preserve internal record timestamps; the catering note is unrelated.,"Timestamps written inside records are the evidence to use, not file modification times.",Open Backups/readme_old.txt to check the backup material.,Confirmed internal timestamps are authoritative.
1_evidence,Backups/readme_old.txt,Line 1,Old readme says it is a superseded checklist and to follow dated registers and current communication conventions.,This backup has no procedure of its own; dated registers and the conventions file decide each step.,Open Documents/handover_note.txt,Rejected readme_old.txt as a source of procedure.
1_evidence,Documents/handover_note.txt,Line 2,"Handover note from Inez Ward tells us to use the last successful transfer before maintenance on 2026-04-11, and that the cipher is alphabet-replacement.",We need the exact maintenance start time to establish our cutoff point.,Open Logs/maintenance.log to get the maintenance start time.,Found target criteria: last successful transfer before maintenance.
1_evidence,Logs/maintenance.log,Line 2,"Log records scheduled system maintenance starting at 22:00:00 on April 11, 2026.",Any valid transfer must have occurred before the 22:00:00 cutoff on April 11.,Open Logs/transfers.csv to find the last successful transfer before 22:00:00.,Established cutoff timestamp (2026-04-11 22:00:00).
1_evidence,Logs/transfers.csv,Line 3,Transfer TX-814D succeeded at 21:43 with reference MSG-88D4FA (TX-LATE at 22:04 was after maintenance and failed).,TX-814D is the relevant transfer and its message reference is MSG-88D4FA.,Check the other transfer rows TX-OLD and TX-LATE before accepting TX-814D.,Identified target message reference MSG-88D4FA.
1_evidence,Logs/transfers.csv,Line 2,"Transfer TX-OLD also succeeded, but at 20:10, earlier than TX-814D, with reference MSG-ARCHIVE.","TX-OLD is not the last successful transfer before 22:00, so it does not match the handover rule.",Check what MSG-ARCHIVE points to in Messages/message_index.csv.,Rejected TX-OLD as the target transfer.
1_evidence,Messages/message_index.csv,Line 3,"Message index maps MSG-ARCHIVE to Messages/old_notice.txt, created 2026-03-02.","MSG-ARCHIVE is an older record from March, not the recovery message.",Open Messages/old_notice.txt to confirm.,Located the file for MSG-ARCHIVE.
1_evidence,Messages/old_notice.txt,Line 1,Inspected old_notice.txt; it states it is a routine archive notice and no recovery payload is attached.,"TX-OLD carried no recovery material, which confirms it is not part of the recovery chain.",Check the TX-LATE row in Logs/transfers.csv.,Documented rejected alternative TX-OLD.
1_evidence,Logs/transfers.csv,Line 4,"Transfer TX-LATE has status FAILED at 22:04, after the 22:00 maintenance start, with reference MSG-NOISE.",TX-LATE fails both conditions since it was not successful and not before maintenance; MSG-NOISE also has no entry in Messages/message_index.csv.,Open Messages/message_index.csv to find the file for MSG-88D4FA.,Documented rejected alternative TX-LATE.
1_evidence,Messages/message_index.csv,Line 2,"Message index maps reference MSG-88D4FA directly to Messages/recovery_message.txt, created 2026-04-11 21:35.",The encrypted message to analyze is Messages/recovery_message.txt.,Open Documents/communication_conventions.md to check cipher rules.,Located target ciphertext file path (Messages/recovery_message.txt).
2_mono,Documents/communication_conventions.md,Line 2,Conventions define alphabet replacement as a single fixed A-Z substitution while preserving punctuation and spacing.,The ciphertext is a monoalphabetic substitution where non-letters stay unchanged.,Open Documents/crib_sheet.txt to check known plaintext hints.,Confirmed cipher rules for Stage 1.
2_mono,Documents/crib_sheet.txt,Line 1,Crib sheet states MSG-88D4FA begins with RECOVERY and has PROJECT in the final paragraph.,We have confirmed starting cribs (RECOVERY and PROJECT) to crack the substitution cipher.,Open Messages/recovery_message.txt to inspect the ciphertext and match initial characters with RECOVERY.,Confirmed plaintext cribs (RECOVERY and PROJECT).
2_mono,Messages/recovery_message.txt,Line 3,"Ciphertext opens with the 8-letter word URTOERUM, matching our RECOVERY crib letter-for-letter.","Confirms U=R, R=E, T=C, O=O, E=V, M=Y; with the two header lines excluded, cipher letter R has the highest frequency (197 of 1195 letters, 16.49%) matching English letter E.",Look for common short words in the ciphertext to extend the mapping.,Recovered partial mapping and verified frequency distribution.
2_mono,Messages/recovery_message.txt,Line 3,"Short words SFR and NWP repeat many times, and the opening reads SFR URTOERUM SRNZ KRIS.","SFR is THE and NWP is AND, giving S=T, F=H, W=N, P=D, N=A; SRNZ then reads TEAM, giving Z=M.",Match the PROJECT crib against the labelled field in the final paragraph.,"Extended mapping with common words THE, AND and TEAM."
2_mono,Messages/recovery_message.txt,Line 5,Found field IUOHRTS=TRPNU in the final paragraph; IUOHRTS lines up with the crib word PROJECT.,"Reveals I=P, U=R, O=O, H=J, R=E, T=C, S=T; with the letters found so far TRPNU reads CEDAR, so the project name is CEDAR.",Expand mapping across entire text and deduce remaining letters.,Confirmed PROJECT crib and identified project name CEDAR.
2_mono,Messages/recovery_message.txt,Lines 3-5,"Partly decrypted words like _EPT, _HY, E_PECTED, CARE___, _ECA__E, M__RAT_ON and __ARTER had only a few letters missing.","Completing them as KEPT, WHY, EXPECTED, CAREFUL, BECAUSE, MIGRATION and QUARTER gives K=K, J=W, V=X, Y=F, L=U, A=L, D=B, B=S, Q=I, C=G, G=Q.",Check which cipher letter and plain letter are still unused.,Derived 25 of 26 letter pairs.
2_mono,Messages/recovery_message.txt,Frequency table,Cipher letter X never appears in the ciphertext and plain letter Z never appears in the decrypted passage.,X=Z cannot be confirmed from the text; it is assigned only to complete the one-to-one 26-letter mapping and does not change the plaintext.,Run mono_solver.py with the full mapping and read the complete plaintext.,Completed 26-letter mapping in mapping.txt with X=Z by elimination.
2_mono,Messages/recovery_message.txt,Decrypted Line 5,"Decrypted record reveals TOKENAP, COMPONENTAP, and instructs to confirm project history before selecting a dispatch.",TOKENAP and COMPONENTAP are A-P encoded fields holding Token Alpha and Component Alpha; learned project CEDAR underwent a rename.,Decode TOKENAP using the A-P rule in Documents/communication_conventions.md.,Obtained Component Alpha; identified project CEDAR.
2_mono,Documents/communication_conventions.md,Line 5,"Conventions say A-P byte encoding maps each nibble 0..15 to A..P, high nibble first, and it is encoding, not encryption.","TOKENAP decodes two letters per byte, e.g. EP = 4*16+15 = 0x4F = O, EM = 0x4C = L, EE = 0x44 = D, CN = 0x2D = -.",Correlate project CEDAR with rename records in Documents/project_history.csv.,Recovered Token Alpha (OLD-ALPHA-7E0A0EA897E6D2961BCC).
3_vigenere,Documents/project_history.csv,Lines 2-3,"Project rename record REN-44 shows CEDAR was renamed to JUNIPER on April 12 at 09:00, with earlier messages retaining the old name.","Our recovery message MSG-88D4FA was created 2026-04-11 21:35, before the rename took effect on 2026-04-12 09:00, so the active project identity was CEDAR.",Check Messages/dispatch_index.json for CEDAR dispatches and associated keywords.,Confirmed project CEDAR was active at time of message creation.
3_vigenere,Messages/dispatch_index.json,Entry DSP-A88CCD,"Dispatch index lists DSP-A88CCD under project CEDAR, created 2026-04-11 18:20 before the rename, with keyword TUNDRA, pointing to project_dispatch.txt.",DSP-A88CCD is our target dispatch file with Vigenere keyword TUNDRA.,Check the other dispatch entry DSP-CURRENT in Messages/dispatch_index.json.,Identified target ciphertext Messages/project_dispatch.txt and keyword TUNDRA.
3_vigenere,Messages/dispatch_index.json,Entry DSP-CURRENT,"Dispatch index lists DSP-CURRENT under project JUNIPER, created 2026-04-13 08:00 with keyword CANDLE, pointing to current_dispatch.txt.","DSP-CURRENT was created after REN-44 took effect, so JUNIPER and keyword CANDLE do not apply to a message from 2026-04-11.",Verify and reject DSP-CURRENT in Messages/current_dispatch.txt.,Rejected keyword CANDLE for the recovery dispatch.
3_vigenere,Messages/current_dispatch.txt,Line 1,Inspected current_dispatch.txt; it states this is a post-rename note with no recovery ciphertext.,DSP-CURRENT is post-rename (JUNIPER) and rejected as irrelevant to our recovery.,Inspect Messages/project_dispatch.txt to confirm Vigenere ciphertext.,Documented rejected alternative DSP-CURRENT.
3_vigenere,Messages/project_dispatch.txt,Line 1,"File starts with the unencrypted header DISPATCH=DSP-A88CCD, matching the dispatch index ID; the ciphertext starts on line 2.","The header must stay out of decryption, otherwise its 15 letters would use up key positions and shift TUNDRA against the real ciphertext.","Run vigenere_solver.py with keyword TUNDRA, keeping the DISPATCH= line as plaintext.",Confirmed dispatch file matches DSP-A88CCD and fixed key alignment.
3_vigenere,Messages/project_dispatch.txt,Decrypted Line 2,"Decrypted dispatch reveals Token Beta, Component Beta, and states that the experimental rail channel used transfer BATCH-6F34.",TOKENAP decodes with the A-P rule to Token Beta (OLD-BETA-101C35084262110E5936) and Component Beta is kept for the final key; next target is BATCH-6F34 in channel test records.,Inspect Logs/channel_tests.log for BATCH-6F34 details.,Obtained Token Beta and Component Beta; identified batch BATCH-6F34.
4_rail,Logs/channel_tests.log,Line 3,"Channel tests log lists BATCH-6F34 with STANDARD_ZIGZAG mode at depth 4, pointing to Archive/rail_payload.txt.","BATCH-6F34 is our target Rail Fence payload, encrypted with standard zigzag transposition at depth 4.",Inspect alternative batch records in Archive/ to verify they are invalid.,Identified target payload Archive/rail_payload.txt and expected depth 4.
4_rail,Archive/demo_channel.txt,Line 1,Inspected Archive/demo_channel.txt; it states this demonstration channel contained no recovery component.,BATCH-DEMO is a demonstration test only and rejected as non-recovery material.,Check Archive/aborted.txt to verify BATCH-ABORT.,Documented rejected alternative BATCH-DEMO.
4_rail,Archive/aborted.txt,Line 1,Inspected Archive/aborted.txt; it states this test was aborted and the payload was never transmitted.,BATCH-ABORT was never transmitted and rejected from the recovery chain.,Inspect Archive/rail_payload.txt and build rail_solver.py.,Documented rejected alternative BATCH-ABORT.
4_rail,Archive/rail_payload.txt,Line 1,"Inspected Archive/rail_payload.txt; contains scrambled text with normal English letter distributions, indicating transposition.",Text is ready for Rail Fence zigzag reconstruction across candidate depths 2 through 8.,Implement standard zigzag transposition solver in rail_solver.py.,Confirmed ciphertext structure and prepared for solver development.
4_rail,Archive/rail_payload.txt,Line 1,"File is 246 characters because it ends with one newline; with that newline kept, depth 4 from the channel log gives unreadable text starting REVC ERYHLEANN.",The final newline only ends the file and is not part of the ciphertext; removing it leaves 245 characters.,Run rail_solver.py and compare the candidates for all depths 2 through 8.,Fixed off-by-one length from 246 to 245 characters.
4_rail,Archive/rail_payload.txt,Depths 2-8,"Depths 2, 3, 5, 6, 7 and 8 give unreadable letter mixes; depth 4 starts with RECOVERY CHANNEL RESULT and has TOKENAP and COMPONENTAP fields.",Depth 4 is the only readable candidate and matches the depth logged for BATCH-6F34; its COMPONENTAP is 64 letters using only A-P.,Read the full depth 4 plaintext.,Selected depth 4 using readable text and valid A-P structure.
4_rail,Archive/rail_payload.txt,Decrypted Depth 4,"Decrypted payload at depth 4 reveals Token Gamma, Component Gamma, and instructs to combine Alpha, Beta, and Gamma under the recovery convention.",TOKENAP decodes with the A-P rule to Token Gamma (OLD-GAMMA-2B00CC8F23A35118E57E) and Component Gamma is kept for the final key; confirms assembly order Alpha+Beta+Gamma.,Inspect Archive/recovery_convention.txt and Documents/communication_conventions.md for final key assembly rules.,Obtained Token Gamma and Component Gamma; confirmed key concatenation order.
5_otp,Archive/recovery_convention.txt,Lines 1-3,"Convention states to decode A-P components to bytes, concatenate ALPHA+BETA+GAMMA without separators, match byte length with final_cipher.hex, XOR once, and never repeat a component.","Final key is formed by concatenating decoded 32-byte components (total 96 bytes) to XOR decrypt final_cipher.hex, with each component used exactly once.",Inspect Documents/communication_conventions.md for A-P nibble decoding specifics.,Established One-Time Pad key assembly and decryption rules.
5_otp,Documents/communication_conventions.md,Line 5,"Conventions explain A-P byte encoding maps nibbles 0..15 to letters A..P with high nibble first; it is encoding, not encryption.",Each 2-letter pair represents one byte: byte = (high_nibble * 16) + low_nibble.,Inspect Archive/final_cipher.hex to verify ciphertext format and length.,Confirmed A-P nibble decoding algorithm.
5_otp,Archive/final_cipher.hex,Line 1,Contains 192 hexadecimal characters representing 96 raw bytes of ciphertext.,Ciphertext byte length (96 bytes) exactly matches the concatenated key length (32 + 32 + 32 = 96 bytes).,"Build otp_solver.py to decode components, assemble key, and XOR decrypt the message.",Verified key and ciphertext byte length equality (96 bytes).
5_otp,Archive/final_cipher.hex,Decrypted Output,Decrypted message reveals: CONFIDENTIAL: fictional recovery confirmed. CASE=8A2D446073 TOKEN=OLD-FINAL-E6BA000431D515D9AAA7.,Successfully reconstructed master One-Time Pad key and unlocked the confidential case message and Token Final.,Record final token in flags.txt and prepare investigation report.,Recovered Case 8A2D446073 and Token Final (OLD-FINAL-E6BA000431D515D9AAA7); completed technical investigation.
